sid, url
nE4HfbFM8Urq5nXBE98jG, https://pi.ai/api/chat/voice?mode=eager&voice=voice3&messageSid=nE4HfbFM8Urq5nXBE98jG
5KJeFtQvHZAf2fPW4uyCK, https://pi.ai/api/chat/voice?mode=eager&voice=voice3&messageSid=5KJeFtQvHZAf2fPW4uyCK
upppxGB2RdwhGvFmtGHo1, https://pi.ai/api/chat/voice?mode=eager&voice=voice3&messageSid=upppxGB2RdwhGvFmtGHo1
krtLp9LQnexfCjb5unU1f, https://pi.ai/api/chat/voice?mode=eager&voice=voice3&messageSid=krtLp9LQnexfCjb5unU1f
QvXi3GKu337qVrmfW58y8, https://pi.ai/api/chat/voice?mode=eager&voice=voice3&messageSid=QvXi3GKu337qVrmfW58y8
U8xtucn2XpfGCjvVe88Zx, https://pi.ai/api/chat/voice?mode=eager&voice=voice3&messageSid=U8xtucn2XpfGCjvVe88Zx
eSjnFbE8YGHf6N9KJiPgJ, https://pi.ai/api/chat/voice?mode=eager&voice=voice3&messageSid=eSjnFbE8YGHf6N9KJiPgJ
D4hSEeZwfpDMtHNAGovHv, https://pi.ai/api/chat/voice?mode=eager&voice=voice3&messageSid=D4hSEeZwfpDMtHNAGovHv
n2L9PVFpC1evtZKTHo2di, https://pi.ai/api/chat/voice?mode=eager&voice=voice3&messageSid=n2L9PVFpC1evtZKTHo2di
B9FPTkFrqbKdNNr5eHuSt, https://pi.ai/api/chat/voice?mode=eager&voice=voice3&messageSid=B9FPTkFrqbKdNNr5eHuSt
7JGxE2Q3aoXcTBjj4Ygju, https://pi.ai/api/chat/voice?mode=eager&voice=voice3&messageSid=7JGxE2Q3aoXcTBjj4Ygju
rkA89Nj7NDz7CPCqYijMH, https://pi.ai/api/chat/voice?mode=eager&voice=voice3&messageSid=rkA89Nj7NDz7CPCqYijMH
BYcu1vr2MhWinc1KnWQVq, https://pi.ai/api/chat/voice?mode=eager&voice=voice3&messageSid=BYcu1vr2MhWinc1KnWQVq
dGT8Rfta81fE2s15vqUXB, https://pi.ai/api/chat/voice?mode=eager&voice=voice3&messageSid=dGT8Rfta81fE2s15vqUXB
paUA5S5cZ7P6TKmNw5DM6, https://pi.ai/api/chat/voice?mode=eager&voice=voice3&messageSid=paUA5S5cZ7P6TKmNw5DM6
XzrjxCttTJVAnbor7TEFB, https://pi.ai/api/chat/voice?mode=eager&voice=voice3&messageSid=XzrjxCttTJVAnbor7TEFB
w3gdty4icuH4oCfmiN68c, https://pi.ai/api/chat/voice?mode=eager&voice=voice3&messageSid=w3gdty4icuH4oCfmiN68c
t6oW7mHk1UsDq2dstL16V, https://pi.ai/api/chat/voice?mode=eager&voice=voice3&messageSid=t6oW7mHk1UsDq2dstL16V
gyQCrfqrPXDejzKTsQn3K, https://pi.ai/api/chat/voice?mode=eager&voice=voice3&messageSid=gyQCrfqrPXDejzKTsQn3K
YQ2Gka5B7G5DKmqqR8ZoT, https://pi.ai/api/chat/voice?mode=eager&voice=voice3&messageSid=YQ2Gka5B7G5DKmqqR8ZoT
52woukeSyEM7BaL6w4ogh, https://pi.ai/api/chat/voice?mode=eager&voice=voice3&messageSid=52woukeSyEM7BaL6w4ogh
ehwsLCwxzFrqLPv2MFCUE, https://pi.ai/api/chat/voice?mode=eager&voice=voice3&messageSid=ehwsLCwxzFrqLPv2MFCUE
9ZLcYNqfuJGN4yeEdUy93, https://pi.ai/api/chat/voice?mode=eager&voice=voice3&messageSid=9ZLcYNqfuJGN4yeEdUy93
PoKfr4a4b2WfbwYXvyBYz, https://pi.ai/api/chat/voice?mode=eager&voice=voice3&messageSid=PoKfr4a4b2WfbwYXvyBYz
8LgQYvxh3YZi3BFqMKEzF, https://pi.ai/api/chat/voice?mode=eager&voice=voice3&messageSid=8LgQYvxh3YZi3BFqMKEzF
7Ct6DvQqPoJDxGgLMQPdv, https://pi.ai/api/chat/voice?mode=eager&voice=voice3&messageSid=7Ct6DvQqPoJDxGgLMQPdv
EgNxMjLi8VZRszGqnQn6o, https://pi.ai/api/chat/voice?mode=eager&voice=voice3&messageSid=EgNxMjLi8VZRszGqnQn6o
yLkRFe45Es25ZviFnmB9E, https://pi.ai/api/chat/voice?mode=eager&voice=voice3&messageSid=yLkRFe45Es25ZviFnmB9E
4WWkBV46V6ARpeespxx7z, https://pi.ai/api/chat/voice?mode=eager&voice=voice3&messageSid=4WWkBV46V6ARpeespxx7z
4HnjDDHr2nEJ91HFMRCUQ, https://pi.ai/api/chat/voice?mode=eager&voice=voice3&messageSid=4HnjDDHr2nEJ91HFMRCUQ
6cNUMncQqR7yB8YEVvXZd, https://pi.ai/api/chat/voice?mode=eager&voice=voice3&messageSid=6cNUMncQqR7yB8YEVvXZd
vvkZBiUkzPQRvkvenRfzw, https://pi.ai/api/chat/voice?mode=eager&voice=voice3&messageSid=vvkZBiUkzPQRvkvenRfzw
Byn9NEUir2pnrmjfwYCuD, https://pi.ai/api/chat/voice?mode=eager&voice=voice3&messageSid=Byn9NEUir2pnrmjfwYCuD
519GFvbrEXTmFDtsi63Bi, https://pi.ai/api/chat/voice?mode=eager&voice=voice3&messageSid=519GFvbrEXTmFDtsi63Bi
AnQ5GbSvsxeBPgJ4Y1Jed, https://pi.ai/api/chat/voice?mode=eager&voice=voice3&messageSid=AnQ5GbSvsxeBPgJ4Y1Jed
kbUVH7CHtJwVwBxtN32D7, https://pi.ai/api/chat/voice?mode=eager&voice=voice3&messageSid=kbUVH7CHtJwVwBxtN32D7
GfDs5oG6mQA2yyh1LLcMh, https://pi.ai/api/chat/voice?mode=eager&voice=voice3&messageSid=GfDs5oG6mQA2yyh1LLcMh
5iTVA6Bs7PVW12WXB1PKr, https://pi.ai/api/chat/voice?mode=eager&voice=voice3&messageSid=5iTVA6Bs7PVW12WXB1PKr
hwQaUavZFvkhdC4PTTPfF, https://pi.ai/api/chat/voice?mode=eager&voice=voice3&messageSid=hwQaUavZFvkhdC4PTTPfF
HTdgYPZJbnVxBhNQc44b4, https://pi.ai/api/chat/voice?mode=eager&voice=voice3&messageSid=HTdgYPZJbnVxBhNQc44b4
p1SJ9peegq5dPQ6gfv9A5, https://pi.ai/api/chat/voice?mode=eager&voice=voice3&messageSid=p1SJ9peegq5dPQ6gfv9A5
afqDuK1duqYi9iYVeSyNq, https://pi.ai/api/chat/voice?mode=eager&voice=voice3&messageSid=afqDuK1duqYi9iYVeSyNq
L3WCaeWRNXvuUkgwXZ4P7, https://pi.ai/api/chat/voice?mode=eager&voice=voice3&messageSid=L3WCaeWRNXvuUkgwXZ4P7
CDLWfj5syQYSffTD2dSNL, https://pi.ai/api/chat/voice?mode=eager&voice=voice3&messageSid=CDLWfj5syQYSffTD2dSNL
u8GcxRruScrnpirqHUZLU, https://pi.ai/api/chat/voice?mode=eager&voice=voice3&messageSid=u8GcxRruScrnpirqHUZLU
8xyD7mNY6CGAFGQrXdthZ, https://pi.ai/api/chat/voice?mode=eager&voice=voice3&messageSid=8xyD7mNY6CGAFGQrXdthZ
mvtqUAenu8WJEVFn2yHkT, https://pi.ai/api/chat/voice?mode=eager&voice=voice3&messageSid=mvtqUAenu8WJEVFn2yHkT
CScMTYkN4Beyyeufys6pw, https://pi.ai/api/chat/voice?mode=eager&voice=voice3&messageSid=CScMTYkN4Beyyeufys6pw
XRtX37ANJC9QkTQUTwBe6, https://pi.ai/api/chat/voice?mode=eager&voice=voice3&messageSid=XRtX37ANJC9QkTQUTwBe6
AfTQrB8FNWC7Lb8FwTCwU, https://pi.ai/api/chat/voice?mode=eager&voice=voice3&messageSid=AfTQrB8FNWC7Lb8FwTCwU
VMvWFZ51FaPoxNMszeXbT, https://pi.ai/api/chat/voice?mode=eager&voice=voice3&messageSid=VMvWFZ51FaPoxNMszeXbT
HzfBmSKQtxRZAHADsV3Va, https://pi.ai/api/chat/voice?mode=eager&voice=voice3&messageSid=HzfBmSKQtxRZAHADsV3Va
kwvpot7kcpuRY6dwm3d5o, https://pi.ai/api/chat/voice?mode=eager&voice=voice3&messageSid=kwvpot7kcpuRY6dwm3d5o
TkPQT2HiAxz1x4JdoYVgN, https://pi.ai/api/chat/voice?mode=eager&voice=voice3&messageSid=TkPQT2HiAxz1x4JdoYVgN
j8QxSNyF75ngAe6nrgDfV, https://pi.ai/api/chat/voice?mode=eager&voice=voice3&messageSid=j8QxSNyF75ngAe6nrgDfV
RuqcqPQdrzyzRUch532Mf, https://pi.ai/api/chat/voice?mode=eager&voice=voice3&messageSid=RuqcqPQdrzyzRUch532Mf
